Name,Style,Family style,Brewery,Alc,IBU,Rating
1979 European Cup Final Replay,Sour - Fruited,Sour ,Neon Raptor Brewing Co.,7,40,3.8
2 Live Gran Cru Greatest Hits Volume 7,Stout - Imperial / Double,Stout ,Voodoo Brewing Co.,12.9,,4.31
2022 Barrel-Aged Imperial Smells Like Bean Spirit,Stout - Imperial / Double,Stout ,Mikerphone Brewing,14.24,,4.34
2023 Barrel Aged Elder Beast,Stout - Imperial / Double,Stout ,Branch & Bone Artisan Ales,14,,4.22
2085-1 Bohemian Pilsner,Pilsner - Czech / Bohemian,Pilsner ,2085 Brewery,5.5,45,3.56
2085-16.3 SULTANA NEIPA,IPA - New England / Hazy,IPA ,2085 Brewery,5.6,20,3.86
2085-19 WEST COAST IPA,IPA - American,IPA ,2085 Brewery,6,75,3.84
2085-23 TROPICALE,IPA - New England / Hazy,IPA ,2085 Brewery,6,20,3.97
2085-24 COCONUT COCOA VANILLA STOUT,Stout - Oatmeal,Stout ,2085 Brewery,5.5,15,3.63
2085-3 Hoppy Mexican Lager,Lager - Mexican,Lager ,2085 Brewery,5.3,11,3.61
2085-6 Irish-Style Dry Stout,Stout - Irish Dry,Stout ,2085 Brewery,5,30,3.69
3 Deadly Sins,Stout - Imperial / Double Pastry,Stout ,3 Sons Brewing Co.,14,,4.57
3 Virgenes Hopped Amber Ale,Red Ale - American Amber / Red,Red Ale,Cervecería Transpeninsular,5.9,65,3.54
45 Days Rice Lager,Lager - Japanese Rice,Lager ,To Øl,5,,3.11
4th Anniversary,Stout - Imperial / Double,Stout ,Funky Fluid,18,,4.17
5 Year Anniversary Smoothie Sour Ale,Sour - Smoothie / Pastry,Sour ,?rpus Brewing Co.,5,,4.35
519,IPA - American,IPA ,Willibald Farm Brewery,6,,3.87
Abbey Road,Belgian Quadrupel,Belgian ,Dois Corvos,11.5,,4.07
Abrikoos / Mirabel 21/10,Lambic - Fruit,Lambic ,Symbiose Brewing / Blending,6.5,,4.24
Absurt,Sour - Fruited,Sour ,Flying Couch Brewing,6,,3.66
Act of Bravery,IPA - Imperial / Double New England / Hazy,IPA ,Folkingebrew,8.5,,4.07
Affogato,Stout - Imperial / Double Pastry,Stout ,Basqueland Brewing,10.4,,3.99
After After Party,IPA - Triple,IPA ,Willibald Farm Brewery,10.2,,4.18
Alba & Petraea Saison,Wild Ale - American,Wild Ale,Odd Breed Wild Ales,5.5,30,3.82
ALE BE BACK,IPA - New England / Hazy,IPA ,Flying Couch Brewing,6.2,4,3.69
All,Stout - Imperial / Double,Stout ,Lua Brewing,6.9,20,3.72
All Jus’d Up,Farmhouse Ale - Saison,Farmhouse ,Carbon Brews,14.1,,4.66
All the way down,Farmhouse Ale - Saison,Farmhouse ,Wings Brewing Company,6,,4.08
Ani,Table Beer,Table ,Batch Craft Beer & Kolaches,4,,3.44
Anniversary Brewpub Special,IPA - New England / Hazy,IPA ,Sudden Death Brewing Co.,7,,4.07
Anthology (Blend #3),Wild Ale - American,Wild Ale,Narrow Gauge Brewing Company,7.1,,4.01
Ants (Vintage 2022),Stout - Imperial / Double,Stout ,Forager Brewery,14,,4.14
Arcane Rituals (2022),Barleywine - English,Barleywine ,Bottle Logic Brewing,12,25,4.32
Aretê - Tomo 3,Stout - Imperial / Double,Stout ,Spartacus Brewing,15,,4.39
Ashes & Diamonds: Tawny Port / Raisins / Figs / Dates,Barleywine - American,Barleywine ,Funky Fluid,12,,4.05
Asphodelus,IPA - Imperial / Double New England / Hazy,IPA ,18th Street Brewery,7.8,,3.89
Assassin Vanilla Bean (2022),Stout - Imperial / Double,Stout ,Toppling Goliath Brewing Co.,12.12,,4.73
ASSEMBLAGE 1 (2022),Wild Ale - Other,Wild Ale,Popihn Sauvages,6.5,,4.07
aU Ungespundet Naturtrüb,Kellerbier / Zwickelbier,Kellerbier ,Mahrs Bräu,5.2,25,3.57
aU Ungespundet Naturtrüb,Kellerbier / Zwickelbier,Kellerbier ,Mahrs Bräu,5.2,25,3.57
aU Ungespundet Naturtrüb,Kellerbier / Zwickelbier,Kellerbier ,Mahrs Bräu,5.2,25,3.57
aU Ungespundet Naturtrüb,Kellerbier / Zwickelbier,Kellerbier ,Mahrs Bräu,5.2,25,3.57
Aurora Borealis,Hard Seltzer,Wild Ale,Bottle Logic Brewing,8,30,3.83
Aurora Borealis DDH DIPA,IPA - Imperial / Double,IPA ,Friends Company,8,30,3.83
Aurora Borealis DDH DIPA,IPA - Imperial / Double,IPA ,Friends Company,8,,3.9
Averell Cherry Pit (Stauning Barrel Aged),Porter - Imperial / Double Baltic,Porter ,Pleasanti Street,11,,3.77
BA Centaur Army (2022),Stout - Imperial / Double Pastry,Stout ,Neon Raptor Brewing Co.,13.4,,4.43
BA Coconut Drip 2022,Stout - Imperial / Double,Stout ,Finback Brewery,13.2,,4.25
BA Coconut Macaroon,Stout - Imperial / Double,Stout ,CLAG Brewing Company,14,,4.53
Bachus,Grape Ale - Other,Grape ,Dois Corvos,7,,3.7
Baltic Maple Porter,Porter - Baltic,Porter ,Enegren Brewing Company,9.1,35,3.81
Bamboo Leaf Infused Lambic,Lambic - Other,Lambic ,Oud Beersel,6.8,,3.8
Banana Kiwi Pound Cake,Sour - Fruited Gose,Sour ,DankHouse Brewing Company,8.5,,4.12
Banoffee Bänger,Stout - Imperial / Double,Stout ,Põhjala,12.5,30,4.03
Barbarian Lands 2022,Golden Ale - Other,Golden Ale,Crossover Blendery,4.7,,3.85
Barbe Rouge Pils,Pilsner - Other,Pilsner ,Narrow Gauge Brewing Company,4.8,,3.76
Barn Raising,Wild Ale - American,Wild Ale,Funk Factory Geuzeria,7.5,,3.91
Barrel Aged Cutting Corners,Barleywine - English,Barleywine ,CLAG Brewing Company,13.3,,4.02
Barrel Aged Dark Lager,Lager - Dark,Lager ,Salikatt,4.7,,3.9
Barrel Aged ICON Double Chocolate Peanut Butter,Stout - Imperial / Double Pastry,Stout ,Spartacus Brewing,15,,4.43
Barrel Aged Midnight Toffee Stout,Stout - Imperial / Double Pastry,Stout ,Untitled Art,14.9,,4.36
Barrel Aged Pastry Chef: Blueberry Maple Muffin,Stout - Imperial / Double,Stout ,Funky Fluid,12,,3.86
Barrel Aged Stout (????????????),Stout - Other,Stout ,A.J.I. Beer Inc.,6.5,32,3.51
Barrel Aged Whiffle Bricks,Stout - Imperial / Double,Stout ,DankHouse Brewing Company,13,,3.92
Barrel Works Kentucky Grand Cru,Stout - Imperial / Double,Stout ,Basqueland Brewing,12.5,,4.15
Barrel Works PX,Stout - Imperial / Double,Stout ,Basqueland Brewing,12.6,,4
Barrel-Aged Shake It Fast,Stout - Pastry,Stout ,Mikerphone Brewing,13.7,,4.23
Barrel-Aged S'more Cowbell (2022),Stout - Imperial / Double Pastry,Stout ,Mikerphone Brewing,14.64,,4.31
Basalt,Stout - Imperial / Double,Stout ,Neon Raptor Brewing Co.,13.5,,3.93
Bash,Porter - Baltic,Porter ,Halfway Crooks Beer,7.7,,3.94
Batch Pilz,Pilsner - Czech / Bohemian,Pilsner ,Batch Craft Beer & Kolaches,4.7,,3.62
Be Kind: Quince,Wild Ale - Other,Wild Ale,Métaphore,4.1,,3.87
Beer Geek Breakfast (Mikkeller x Minoh),Stout - Imperial / Double Coffee,Stout ,Mikkeller,9,,3.71
Belief,Farmhouse Ale - Saison,Farmhouse ,Branch & Bone Artisan Ales,5.8,,3.9
Berry Cobbler,Sour - Smoothie / Pastry,Sour ,Basqueland Brewing,6.5,,3.88
Beste Freunde,Stout - Other,Stout ,Schneeeule,9.2,,3.56
Beyond the Atmosphere,IPA - Triple New England / Hazy,IPA ,Folkingebrew,10,,4.12
Beyond the Peel,Sour - Fruited,Sour ,Flying Couch Brewing,4.5,,3.72
Bianca Blueberry Space Jam Lassi Gose,Sour - Fruited Gose,Sour ,Omnipollo,6,,4.47
Bianca Dark Berries Marshmallow Lassi Gose,Sour - Smoothie / Pastry,Sour ,Omnipollo,6,,4.38
Bierra Di Bocce,Pilsner - Italian,Pilsner ,Batch Craft Beer & Kolaches,5.3,,3.58
Big Black Violet,Sour - Other,Sour ,Dugges Bryggeri,6,,3.66
Big In Japan,Lager - Japanese Rice,Lager ,WarPigs Brewpub,4.5,,3.23
Bigger Dreams Hazy IPA,IPA - New England / Hazy,IPA ,Creature Comforts Brewing Co.,6.8,,3.9
Billowing Clouds of Hallertau,Pale Ale - American,Pale ,Yokefellow,4.6,,3.55
Billowing Clouds of Hallertau,Pale Ale - American,Pale ,Yokefellow,4.6,,3.55
Billowing Clouds of Hallertau,Pale Ale - American,Pale ,Yokefellow,4.6,,3.55
Billowing Clouds of Hallertau,Pale Ale - American,Pale ,Yokefellow,4.6,,3.55
Biparellus,IPA - Black / Cascadian Dark Ale,IPA ,Neon Raptor Brewing Co.,6.6,,3.72
Bitter,Farmhouse Ale - Bière de Coupage,Farmhouse ,Tommie Sjef,7,,4.19
Black Berry White,Mead - Other,Mead ,Superstition Meadery,13.5,,4.61
Black Cream,Stout - Imperial / Double,Stout ,Amager Bryghus,12,,3.76
Bleu,Stout - Russian Imperial,Stout ,Brasserie de la Sambre,15.2,12,4.12
Blinded By the Lights,IPA - Imperial / Double,IPA ,Neon Raptor Brewing Co.,8,,4.05
Blinded By the Night,Schwarzbier,Schwarzbier,To Øl,5,,3.35
Blue Berry White,Mead - Other,Mead ,Superstition Meadery,13.5,,4.57
Blue Roses,Sour - Other,Sour ,Sour Cellars,6.2,,4.02
Blue Shift,Lambic - Other,Lambic ,Pellicle Vergistingen,,,3.93
Bomaye,Stout - Imperial / Double,Stout ,Magnanimous Brewing,12.5,,4.21
Bombay by Boat,IPA - American,IPA ,Moonlight Brewing Company,6.2,,3.62
Bone Voyage,IPA - Sour,IPA ,Too Old To Die Young Brewing Co.,6.5,25,3.53
Boskeun,Belgian Strong Golden Ale,Belgian ,Brouwerij De Dolle Brouwers,9,30,3.72
Botanical Stout,Stout - Other,Stout ,Buddelship Brauerei,8.9,,2.99
Bounteous,Stout - Imperial / Double Pastry,Stout ,Moksa Brewing Co,13.5,,4.53
Bourbon BA Pistol Juice (2021),Mead - Melomel,Mead ,Marlobobo,12.5,,4.58
Bourbon Barrel Aged Ego Death W/ Vanilla (2021),Stout - Imperial / Double Pastry,Stout ,Resident Culture Brewing Co.,12.5,,4.56
Bourbon Saffron,Stout - Imperial / Double,Stout ,Dugges Bryggeri,13,,3.99
BQE (2022 Double Banana Coconut),Stout - Imperial / Double,Stout ,Finback Brewery,14.8,,4.22
Brain Glow,IPA - New England / Hazy,IPA ,Ruse Brewing,7.2,,4.11
Bramble,Wild Ale,Wild Ale,Crossover Blendery,5.5,,3.94
Brand New Day,Sour - Fruited,Sour ,Ten Hands Brewing,5.6,,3.6
Brave New World,IPA - Triple New England / Hazy,IPA ,Basqueland Brewing,10,,4.02
Break of Night,Porter - American,Porter ,Moonlight Brewing Company,5.6,,3.78
Brekologik,Cider - Graff,Cider ,Pomologik,6.5,,3.62
Bretta Festbier,Wild Ale - American,Wild Ale,Odd Breed Wild Ales,6,28,3.77
Brew 3000 (2019),Barleywine - English,Barleywine ,Fremont Brewing,13.2,,4.46
Brew 4000 (2020),Barleywine - English,Barleywine ,Fremont Brewing,12.7,33,4.51
Brewed To Bee Wild,Wild Ale - Other,Wild Ale,Carbon Brews,7.7,15,3.64
Bries,Sour - Fruited,Sour ,Nevel Wild Ales,6.1,,3.84
Brighter Times,IPA - American,IPA ,Stepping Stone Brewing Company,6.1,,3.62
Broken Blender (2021),Stout - Imperial / Double,Stout ,Bottle Logic Brewing,12.54,25,4.26
Broken Trust,IPA - Imperial / Double,IPA ,Too Old To Die Young Brewing Co.,8,60,3.66
BROR,IPA - New England / Hazy,IPA ,Crooked Moon Brewing,8,,3.56
Brut,Cider - Dry,Cider ,Pomologik,4.5,,3.58
Busta Rye,Stout - Imperial / Double,Stout ,Mikerphone Brewing,15.63,,4.19
Calcifer,IPA - New England / Hazy,IPA ,Batch Craft Beer & Kolaches,6.66,,4.03
Camino Del Río,IPA - American,IPA ,Cervecería Transpeninsular,7.1,65,3.67
Can You Feel the PRRRT Tonight,Sour - Fruited,Sour ,Drekker Brewing Company,6.1,,4.15
Can't Say No 2 U,Stout - Irish Dry,Stout ,Mikkeller Brewpub London,4.6,,3.54
Capitão Leitão,IPA - New England / Hazy,IPA ,Dois Corvos,6,,3.82
Captain Muscat 2020,Lambic - Fruit,Lambic ,Bofkont,6,,4.15
Carretera 3 West Coast IPA,IPA - American,IPA ,Cervecería Transpeninsular,6.8,70,3.75
Cashmere Azacca,IPA - New England / Hazy,IPA ,Cervesa Espiga,6.3,25,3.63
CASSIS FRAMBOISE (2022),Wild Ale - Other,Wild Ale,Popihn Sauvages,7,,4.05
Ceréjhe (Etre Gourmet Blend),Farmhouse Ale - Saison,Farmhouse ,Brasserie de la Sambre,6.5,,3.97
Chance,IPA - Imperial / Double,IPA ,Willibald Farm Brewery,8.4,,4.11
Chasing Dreams,IPA - Imperial / Double New England / Hazy,IPA ,Folkingebrew,8.5,,4.06
Chasing Trees: Strain 17,IPA - New England / Hazy,IPA ,DankHouse Brewing Company,7,,3.98
Cherry Sour à La Mode,Sour - Fruited Berliner Weisse,Sour ,Untitled Art,6,,4.28
Cherry White,Mead - Other,Mead ,Superstition Meadery,13.5,,4.33
Chestnut,Wild Ale - American,Wild Ale,Sour Cellars,7,,3.85
Christmas Punch Bowl,Sour - Smoothie / Pastry,Sour ,Ology Brewing Co,8,,3.94
Cider / Rode Druif 21/11,Cider - Other Fruit,Cider ,Symbiose Brewing / Blending,6.5,,3.95
Cider Blend,Cider - Dry,Cider ,Saules Cidery,6.5,,3.45
Cider Puur (2022),Cider - Dry,Cider ,Pellicle Vergistingen,7,,3.95
Cider State of Mind,Cider - Dry,Cider ,Pomologik,6.9,,3.63
Ciderstorm,Cider - Other Fruit,Cider ,DUST Blending,6.9,,3.88
Citra A,IPA - American,IPA ,Ebeltoft Gårdbryggeri,6.5,,3.62
Citra B,IPA - American,IPA ,Ebeltoft Gårdbryggeri,6.5,,3.62
Citranó,Pale Ale - American,Pale ,Birra MC - 77,6,,3.89
Citrus Base - DDH IPA,IPA - American,IPA ,Cervesa Espiga,5.5,45,3.88
Classic,Lager - Dortmunder / Export,Lager ,Baeren Brauerei,6,22,3.5
Cloud 9 - Double Barrel,Stout - Imperial / Double,Stout ,Salikatt,14,,4.29
Cloud City,IPA - New England / Hazy,IPA ,Narrow Gauge Brewing Company,7,50,4.12
Coco Loco,Stout - Other,Stout ,Brasserie de la Sambre,7.1,30,3.85
Cognac Barrel Aged Imperial Stout,Stout - Imperial / Double,Stout ,?rpus Brewing Co.,13,,4.22
Cold Hawaii,IPA - Imperial / Double,IPA ,CLAG Brewing Company,8.5,,4.33
Coloring Outside the Lines,Wild Ale - American,Wild Ale,Odd Breed Wild Ales,7.5,45,3.94
Colosseum of Life,Wild Ale - Other,Wild Ale,Métaphore,5.6,,4.11
Come Together,Cider - Dry,Cider ,Pomologik,6.9,,3.7
Comfort Zone,IPA - Imperial / Double New England / Hazy,IPA ,Salikatt,8,,4.07
Confidently Incorrect,IPA - Imperial / Double New England / Hazy,IPA ,Resident Culture Brewing Co.,8,,3.98
Conquistadors,IPA - Other,IPA ,Vinohradský pivovar,5,45,3.59
Contrition,Stout - Imperial / Double,Stout ,Lua Brewing,14.3,,4.42
Cool-ship Vienna Lager (2023),Lager - Vienna,Lager ,Baeren Brauerei,5.5,,3.38
Cool-ship Vienna Lager (2023),Lager - Vienna,Lager ,Baeren Brauerei,5.5,,3.38
Cool-ship Vienna Lager (2023),Lager - Vienna,Lager ,Baeren Brauerei,5.5,,3.38
Cool-ship Vienna Lager (2023),Lager - Vienna,Lager ,Baeren Brauerei,5.5,,3.38
Coolship: Drop Ceiling,Wild Ale - American,Wild Ale,Narrow Gauge Brewing Company,6.3,,4
Copacabango,Mead - Other,Mead ,Superstition Meadery,13.5,,4.08
Corsair,IPA - American,IPA ,Amager Bryghus,7,70,3.52
Crazy Rich Lupulins,IPA - Imperial / Double New England / Hazy,IPA ,Carbon Brews,8.2,23,3.85
Crimes Against Brewing: Carrot And Walnut Cake,Stout - Imperial / Double Pastry,Stout ,Neon Raptor Brewing Co.,10,,3.82
Crispy As Helles,Lager - Helles,Lager ,CLAG Brewing Company,4.9,,3.89
Crispy Boi,Pilsner - Other,Pilsner ,Birra MC - 77,5,,3.54
Crooklyn In the House,IPA - Imperial / Double New England / Hazy,IPA ,DankHouse Brewing Company,8,,4.13
Crop Colors: Pink Dawn,Wild Ale - American,Wild Ale,Creature Comforts Brewing Co.,6,,3.79
Crop Colors: Umbria Red,Wild Ale - American,Wild Ale,Creature Comforts Brewing Co.,7,,3.81
Cryo Bears,IPA - Imperial / Double,IPA ,3 Sons Brewing Co.,8.5,,4
Cubed Pepper Infused Lambic,Lambic - Traditional,Lambic ,Oud Beersel,6.8,,3.66
Cuvée (2022),Wild Ale - Other,Wild Ale,Tommie Sjef,7.4,,4.23
Daisy,Wild Ale - American,Wild Ale,Sour Cellars,6.1,,3.96
Damascene,Wild Ale - Other,Wild Ale,Crossover Blendery,6.5,,3.93
Dark Rituals (2021),Strong Ale - American,Strong Ale ,Bottle Logic Brewing,13.13,40,4.36
Dark Soul - Rum & Tonka Bean Barrel,Stout - Imperial / Double,Stout ,Carbon Brews,10.5,68,3.74
Darkest Hour,Stout - Imperial / Double,Stout ,Folkingebrew,11,,3.96
Darth Czech,Lager - Dark,Lager ,Batch Craft Beer & Kolaches,4.5,,3.44
Dat Cookie Dough Though,Stout - Imperial / Double,Stout ,Recycled Brewing Company,9.5,,3.84
Death & Taxes,Lager - Dark,Lager ,Moonlight Brewing Company,5.3,,3.85
Death Nectar,Stout - Imperial / Double,Stout ,3 Sons Brewing Co.,14.4,,4.32
Deep Fried,IPA - New England / Hazy,IPA ,ÅBEN,6,,3.7
Delia,Pilsner - Other,Pilsner ,Birrificio Italiano,4.3,,3.53
Deluxe,IPA - Imperial / Double New England / Hazy,IPA ,Dugges Bryggeri,8,,3.8
Demonia Barrel Blend #1,Stout - Imperial / Double,Stout ,Seven Island Brewery,12.1,,3.82
Deos (Beast Mode Series),Stout - Imperial / Double Coffee,Stout ,Seven Island Brewery,11.5,45,4.03
Descent,Stout - Russian Imperial,Stout ,Halfway Crooks Beer,13,,4.12
Destination: Death Or Better Days,Wild Ale - American,Wild Ale,Dekkera Brewing & Blending,6,,3.84
Destroyer Cognac,Barleywine - Other,Barleywine ,Lua Brewing,15,,4.36
Det Er Røjk! 2021,Mead - Cyser,Mead ,The Attic Meadery,15,,3.84
Dim Lights,Smoked Beer,Smoked ,Moonlight Brewing Company,6.3,,3.73
Dionysus,Grape Ale - Other,Grape ,Dois Corvos,7,,3.61
DIPA DDH - Citra / Mosaic,IPA - Imperial / Double New England / Hazy,IPA ,Popihn,8,,4.03
Does Anyone Have Any Questions?,Hard Seltzer,Hard Seltzer,Resident Culture Brewing Co.,5,,3.4
Domestic,Lager - American Light,Lager ,Outer Range Brewing Co.,4.2,,3.94
Domesticated Saison,Wild Ale - American,Wild Ale,Odd Breed Wild Ales,6.8,30,3.64
Doom Sauce,Stout - Imperial / Double Pastry,Stout ,WarPigs Brewpub,10,,4.1
Dopealicious,IPA - New England / Hazy,IPA ,3 Sons Brewing Co.,7.2,70,4.03
Doppelhawk,Schwarzbier,Schwarzbier,Enegren Brewing Company,8,22,3.93
Double Agent,IPA - Imperial / Double New England / Hazy,IPA ,Ten Hands Brewing,8,45,3.77
Double Barrel Bang This,Stout - Imperial / Double Pastry,Stout ,CLAG Brewing Company,14,,4.63
Double Barrel Constellar,Barleywine - English,Barleywine ,Pleasanti Street,15,,4.35
Double Barry,Farmhouse Ale - Saison,Farmhouse ,DUST Blending,6.2,,3.92
Double Bodycheck,IPA - Imperial / Double New England / Hazy,IPA ,Sudden Death Brewing Co.,8.5,,4.14
Double Dry Hopped (DDH) Sparkle Motion,Pale Ale - New England / Hazy,Pale ,Narrow Gauge Brewing Company,6,30,4.11
Double Dry Hopped Fallen Flag,IPA - New England / Hazy,IPA ,Narrow Gauge Brewing Company,7,50,4.26
Double Rigger Stout (Nitro),Stout - Imperial / Double,Stout ,Pleasanti Street,11.5,,3.9
Double Smoojee Dark Berry,Sour - Smoothie / Pastry,Sour ,Friends Company,8,,4.13
Double Smoojee Dark Berry,Sour - Smoothie / Pastry,Sour ,Friends Company,8,,4.13
Double Up Buttercup,IPA - Imperial / Double,IPA ,Pulpit Rock Brewing Company,7.7,,4.11
Dr. No,Lambic - Gueuze,Lambic ,Bofkont,6,,4.28
Dream Smoojee Strawberry & Blackcurrant,Sour - Smoothie / Pastry,Sour ,Friends Company,4.7,,3.81
Dream Walking,Stout - Imperial / Double,Stout ,Recycled Brewing Company,9.5,,3.78
DRESS SEXY AT MY FUNERAL,Stout - Imperial / Double,Stout ,Pomona Island Brew Co.,12,,3.83
Druif,Wild Ale - Other,Wild Ale,Tommie Sjef,7.5,,4.12
Dry-Hop (2021),Lambic - Traditional,Lambic ,Bofkont,6,,4.08
Dry-hopped Meerts (Amarillo + Nelson Sauvin),Wild Ale - Other,Wild Ale,Funk Factory Geuzeria,4,,3.89
Dysphoria,IPA - New England / Hazy,IPA ,Crooked Moon Brewing,6.8,,3.34
EASY,Pale Ale - American,Pale ,LERVIG,4.7,30,3.47
Easy Jeff,IPA - Session,IPA ,To Øl CPH,4.5,30,3.67
Echo,Wild Ale - Other,Wild Ale,Nevel Wild Ales,5,,3.87
Echte Liebe,Lager - Pale,Lager ,Ebeltoft Gårdbryggeri,5.3,,3.45
Echte Liebe,Lager - Other,Lager ,Mikkeller Brewpub London,5.8,30,3.36
Edel-Pils,Pilsner - German,Pilsner ,Enegren Brewing Company,4.8,35,3.84
Ein Brett Vor Dem Kopf Haben,Sour - Berliner Weisse,Sour ,Birra MC - 77,4.7,,3.54
Elderflower Power,Lambic - Other,Lambic ,Pellicle Vergistingen,,,3.96
Elise,Sour - Berliner Weisse,Sour ,Schneeeule,5.2,,3.62
Emblem of the Idol,IPA - Imperial / Double New England / Hazy,IPA ,Spartacus Brewing,8,42,4.05
Empty Calories,Lager - American Light,Lager ,Voodoo Brewing Co.,4.7,,3.38
Enigma,Lambic - Other,Lambic ,Pellicle Vergistingen,,,3.93
Enn Barrel (Cellar Series),Stout - Imperial / Double Coffee,Stout ,Põhjala,12,25,3.98
Eric's Morning Walk,Stout - Imperial / Double,Stout ,Recycled Brewing Company,9.5,,3.8
Etera - Tomo 5,Stout - Imperial / Double,Stout ,Spartacus Brewing,15,,4.47
Eunoia Batch 13,Stout - Imperial / Double Coffee,Stout ,Phase Three Brewing,13.4,,4.4
Eunoia Batch 7 (Stroopwafel),Stout - Imperial / Double,Stout ,Phase Three Brewing,15,,4.54
Expedition,Sour - Fruited,Sour ,Ten Hands Brewing,5.6,,3.66
Extra Hop,Pilsner - German,Pilsner ,Birrificio Italiano,4.8,,3.57
Eyewinker,Stout - Imperial / Double,Stout ,Amager Bryghus,11,,3.68
Fakk Alt!,IPA - New England / Hazy,IPA ,Brewski,6.5,,3.45
Family Tree IV,Sour - Fruited Berliner Weisse,Sour ,Too Old To Die Young Brewing Co.,3.5,,3.58
Farina,Kölsch,Kolsch,Halfway Crooks Beer,4.8,,3.87
Feast Till the Cows Come Home,Stout - Milk / Sweet,Stout ,Sudden Death Brewing Co.,10.5,,3.9
Fender-Bender,IPA - Imperial / Double New England / Hazy,IPA ,Salikatt,8,,4.27
Ferskva,Fruit Beer,Fruit ,OY Brewing,5.6,10,3.42
Fields of Tall Grass,IPA - Imperial / Double,IPA ,Finback Brewery,8,,4.23
File Transfer Protocol,IPA - New Zealand,IPA ,Halfway Crooks Beer,7,,3.84
Final Form: Optimization (Tawny Port/VSOP Cognac),Barleywine - English,Barleywine ,Moksa Brewing Co,14.7,,4.38
Fire  Skulls & Money,IPA - Imperial / Double New England / Hazy,IPA ,Toppling Goliath Brewing Co.,7.8,50,4.21
First Step,IPA - New England / Hazy,IPA ,Stepping Stone Brewing Company,5.8,,3.77
Flaami Öö (Cellar Series),Strong Ale - Other,Strong Ale ,Põhjala,12,35,4.01
Flames in a Box,IPA - New England / Hazy,IPA ,FrauGruber Brewing,6.5,,3.88
Flassan,Farmhouse Ale - Saison,Farmhouse ,Brasserie de la Sambre,7.8,25,4.18
Flintegata 3.0,Pale Ale - New England / Hazy,Pale ,Salikatt,4.7,,3.81
FloMO Pils,Pilsner - Czech / Bohemian,Pilsner ,Narrow Gauge Brewing Company,5.6,35,3.8
Florida Seltzer Navel Orange Yuzu,Hard Seltzer,Hard Seltzer,Untitled Art,5,,3.95
Flos Alba // Albicocche,Sour - Fruited Berliner Weisse,Sour ,Klanbarrique,5.7,,3.74
FOCOCO (2022),Stout - Imperial / Double,Stout ,Bottle Logic Brewing,13,30,4.45
Fogram,Sour - Fruited,Sour ,Sour Cellars,7.5,,3.79
Forever Yours,Lager - IPL (India Pale Lager),Lager ,Too Old To Die Young Brewing Co.,6,45,3.59
Fostering Divine Culture,Stout - Imperial / Double Pastry,Stout ,Resident Culture Brewing Co.,13,,4.29
Framboos / Kers / Braam 21/08,Lambic - Fruit,Lambic ,Symbiose Brewing / Blending,6.5,,4.29
Fraugruberlicious (Strawberry/Pineapple),Sour - Fruited,Sour ,FrauGruber Brewing,5.8,,3.71
Friendly,Sour - Fruited Berliner Weisse,Sour ,Stepping Stone Brewing Company,6,,3.76
From Canada With Love (2019),Lambic - Gueuze,Lambic ,Bofkont,6,,4.06
From One Dog To Another (2021),Lambic - Fruit,Lambic ,Bofkont,6,,4.22
From the Vault (2022),Stout - Imperial / Double,Stout ,Fremont Brewing,13.5,50,4.27
Frost Giant,Stout - Imperial / Double,Stout ,FrauGruber Brewing,14.3,,3.71
FULL THROTTLE,IPA - New England / Hazy,IPA ,Flying Couch Brewing,6.7,6,3.66
Fun-Fossil Fool (2022),Mead - Melomel,Mead ,Marlobobo,10,,4.43
Funky Rich Lupulins V4.0,IPA - Brett,IPA ,Carbon Brews,8,20,3.62
Gaffel Kölsch,Kölsch,Kolsch,Privatbrauerei Gaffel Becker,4.8,20,3.35
Gaffel Wiess,Kölsch,Kolsch,Privatbrauerei Gaffel Becker,4.9,11,3.39
Gelato: Blue Velvet,Sour - Smoothie / Pastry,Sour ,Funky Fluid,5.8,,4.16
Geléhallon Smoojee,Sour - Smoothie / Pastry,Sour ,Friends Company,4.7,,3.76
Geo,Pilsner - Other,Pilsner ,Phase Three Brewing,5.5,,3.87
Ghost Coast,IPA - American,IPA ,Ruse Brewing,7.2,,3.91
Gin BA Bumfuzzle (2022),Mead - Melomel,Mead ,Marlobobo,10,,4.44
Glen Fyne Select (2022),Mead - Melomel,Mead ,Marlobobo,14,,4.54
Glu Glu,Kölsch,Kolsch,Birra MC - 77,5,,3.67
Goed Cold Bier,Pilsner - Other,Pilsner ,Creature Comforts Brewing Co.,5.1,,3.68
Golden Pilsner,Pilsner - Czech / Bohemian,Pilsner ,Fremont Brewing,4.5,20,3.65
Good In the Woods,IPA - American,IPA ,Outer Range Brewing Co.,7.1,,3.94
Good Morning Captain,IPA - Imperial / Double,IPA ,Pomona Island Brew Co.,8.5,,4.18
Gose,Sour - Traditional Gose,Sour ,Fremont Brewing,4,,3.79
Gravenstein (Ice Ice Baby),Cider - Ice / Applewine,Cider ,Pomologik,7,,3.81
Grim Reefer,IPA - Triple New England / Hazy,IPA ,DankHouse Brewing Company,10,,4.09
Groseille de Kvasir 2021,Mead - Melomel,Mead ,The Attic Meadery,13,,4.12
Group Dynamic,Gluten-Free,Gluten-Free,LERVIG,7.7,,3.77
Gullhornid,Pale Ale - American,Pale ,OY Brewing,5.5,,3.23
Hazelnut Butter Cup Pastry Stout,Stout - Imperial / Double Pastry,Stout ,Untitled Art,11.7,,4.17
Hazy,IPA - New England / Hazy,IPA ,Dugges Bryggeri,6.5,,3.71
Hazy Sunshine,IPA - Imperial / Double New England / Hazy,IPA ,Mikkeller Brewpub London,8.4,,3.91
Hazy Up Your Ass,IPA - Triple New England / Hazy,IPA ,Magnanimous Brewing,10.5,,4.13
Heavenly Slumber,Stout - Imperial / Double,Stout ,3 Sons Brewing Co.,14.8,,4.62
Hella Cup of Nuts,Stout - Pastry,Stout ,18th Street Brewery,10,,3.81
Helles,Lager - Helles,Lager ,Mahrs Bräu,5.3,,3.52
Helles,Lager - Helles,Lager ,FrauGruber Brewing,4.8,,3.5
Helles Amarillo Tardif de Bourgogne,Lager - Helles,Lager ,Buddelship Brauerei,4.9,19,3.53
Here And Now: Cherry,Wild Ale - American,Wild Ale,Métaphore,7.5,,4.1
Herr Ober! Noch Ein Cottbuser Bier!,Historical Beer - Kottbusser,Historical ,Sudden Death Brewing Co.,6.3,,3.65
Hey Mambo,Pilsner - Italian,Pilsner ,Mikerphone Brewing,5,,3.71
High Street Lager,Lager - Vienna,Lager ,Enegren Brewing Company,5.4,30,3.75
Honey Isle,Lambic - Fruit,Lambic ,Crossover Blendery,5.5,,3.9
Honeymoon (2022),Lambic - Other,Lambic ,Bofkont,6,,4.12
Horizontal Refreshment,IPA - Imperial / Double,IPA ,Recycled Brewing Company,8,,3.64
House Party,Stout - Imperial / Double Pastry,Stout ,18th Street Brewery,10,,3.74
Howling at the Moon (2022),Lambic - Fruit,Lambic ,Bofkont,6,,4.16
Human Potential,IPA - Triple New England / Hazy,IPA ,Resident Culture Brewing Co.,10.3,,4.25
Hybrid 02,Grape Ale - Other,Grape ,Dugges Bryggeri,11.5,,3.5
Hyllipan Grapefrukt,IPA - American,IPA ,Hyllie Bryggeri,6.5,,3.62
I Can’t Fight This Feeling Anymore,IPA - Imperial / Double,IPA ,Creature Comforts Brewing Co.,8,,4.1
IBUKI VIII,IPA - Sour,IPA ,Pomona Island Brew Co.,6,,3.91
Identical Truths,IPA - Imperial / Double New England / Hazy,IPA ,Ruse Brewing,8,,4.13
Idjit!,Stout - Imperial / Double,Stout ,Dugges Bryggeri,9.5,,3.87
If Whales Could Fly,IPA - Imperial / Double,IPA ,Finback Brewery,9,,4.14
Illusion of Light,Stout - Imperial / Double,Stout ,TapRoom Beer Company,12,,4.2
I'M,Grape Ale - Italian,Grape ,Klanbarrique,7.1,,3.88
Imaginary Lines,IPA - New England / Hazy,IPA ,Ruse Brewing,6.9,,4.11
Imperial Italian Pilsner,Pilsner - Italian,Pilsner ,OY Brewing,7.7,,3.18
In the Steep,IPA - New England / Hazy,IPA ,Outer Range Brewing Co.,6.7,,4.13
Internal,Pilsner - German,Pilsner ,Crooked Moon Brewing,4.5,,3.98
Internal Eye Roll,Sour - Fruited,Sour ,Recycled Brewing Company,4.7,,3.16
IPL El Dorado Azacca,Lager - IPL (India Pale Lager),Lager ,Buddelship Brauerei,6,,3.57
Irrefutable Logic,Stout - Imperial / Double,Stout ,Ology Brewing Co,12.5,,4.22
Irrefutable Logic: Nutty List,Stout - Imperial / Double Pastry,Stout ,Ology Brewing Co,12,,4.37
Island Crush #1 KUMQUAT,Hard Seltzer,Hard Seltzer,LIME,6,,4.18
Island Crush #2 PINEAPPLE,Hard Seltzer,Hard Seltzer,YUZU,6,,4
It's Alive,Brett Beer,Brett ,Carbon Brews,7.5,8,3.65
Jeepney,Sour - Fruited,Sour ,Basqueland Brewing,6.1,,3.79
Jubel,Wild Ale - Other,Wild Ale,Nevel Wild Ales,6.2,,3.71
Juice Lord,IPA - New England / Hazy,IPA ,Magnanimous Brewing,7.5,45,4.08
Juicy Secret,IPA - Imperial / Double New England / Hazy,IPA ,Magnanimous Brewing,8.5,,4.1
Just Passing Through Gose,Sour - Fruited Gose,Sour ,Outer Range Brewing Co.,4.5,,3.7
Keep Up the Vibes,IPA - New England / Hazy,IPA ,TapRoom Beer Company,7,,3.67
Kennedy,Sour - Berliner Weisse,Sour ,Schneeeule,3,,3.54
Kerspruim Saison 21/05,Farmhouse Ale - Saison,Farmhouse ,Symbiose Brewing / Blending,6.5,,4.03
Kind of Blue,Lager - Mexican,Lager ,TapRoom Beer Company,5.4,,3.35
Kind of Blue,Lager - Mexican,Lager ,TapRoom Beer Company,5.4,,3.35
King Sue,IPA - Imperial / Double New England / Hazy,IPA ,Toppling Goliath Brewing Co.,7.8,10,4.32
Kjaftæði,Pale Ale - New England / Hazy,Pale ,Crooked Moon Brewing,4.7,,3.52
Kölner Saft,Kölsch,Kolsch,Amager Bryghus,4.7,,3
Krispy Kiwi,Pilsner - Other,Pilsner ,Forager Brewery,4.8,,3.58
Kutfruit (2022),Lambic - Fruit,Lambic ,Bofkont,6,,4.13
LA Commemorative Stout,Stout - Imperial / Double,Stout ,Creature Comforts Brewing Co.,13.7,,4.08
La Tavolo Della Mamma,Sour - Berliner Weisse,Sour ,Schneeeule,4.2,,3.6
Lacto-Kooler (Green),Sour - Fruited Berliner Weisse,Sour ,Voodoo Brewing Co.,5.5,,4.07
Lagertha,Pilsner - Other,Pilsner ,Enegren Brewing Company,5,45,3.7
LASSI GOSE - Cassis / Fleur De Sel,Sour - Fruited Gose,Sour ,Popihn,6,,3.89
Lava Blast Cannon,Sour - Fruited,Sour ,Sudden Death Brewing Co.,8,,4.31
Le MORRIS (Gamay),Farmhouse Ale - Saison,Farmhouse ,DUST Blending,8.1,,4.02
Le MORRIS (Riesling),Farmhouse Ale - Saison,Farmhouse ,DUST Blending,8.7,,4
LemLim Slushhhhh,Sour - Fruited Berliner Weisse,Sour ,Ology Brewing Co,6,,3.73
Less Sugars More Fun,IPA - Brut,IPA ,Vinohradský pivovar,5.2,40,3.66
Let´s Order A Pizza (2023),IPA - Triple New England / Hazy,IPA ,Sudden Death Brewing Co.,9.5,,4.2
Lichtervelds Blond,Belgian Strong Golden Ale,Belgian ,Brouwerij De Dolle Brouwers,9,,3.56
Limbes,Farmhouse Ale - Saison,Farmhouse ,Brasserie de la Sambre,5,,3.93
Little Luxuries (2023),Stout - Imperial / Double Pastry,Stout ,Forager Brewery,13.8,,4.44
Live By the Sun And the Moon,Table Beer,Table ,Finback Brewery,7.5,,3.83
Looking For More,IPA - Triple,IPA ,Cervesa Espiga,9.5,60,4
Lost All Reason - Citra Cryo And El Dorado Edition,IPA - Imperial / Double New England / Hazy,IPA ,To Øl CPH,8,50,3.89
Lost Horizon Kriek,Lambic - Kriek,Lambic ,Buddelship Brauerei,6.7,,3.63
Lost In Confusion,IPA - Cold,IPA ,FrauGruber Brewing,6.2,,3.63
Loup Et Renard Saison,Farmhouse Ale - Saison,Farmhouse ,Odd Breed Wild Ales,6.8,35,3.91
Lucrum Maximus,Stout - Imperial / Double,Stout ,Magnanimous Brewing,10.5,,4.21
Lush IPA,IPA - American,IPA ,Fremont Brewing,7,80,3.9
Magic Cookie,Stout - Imperial / Double Pastry,Stout ,Cervesa Espiga,10.5,,4.07
Maibock Saphir Petit Blanc,Bock - Hell / Maibock / Lentebock,Bock ,Buddelship Brauerei,7.1,,3.55
Majbock,Bock - Hell / Maibock / Lentebock,Bock ,Ebeltoft Gårdbryggeri,6.9,,3.27
Malmadura,Grape Ale - Italian,Grape ,Klanbarrique,3.6,,3.75
Malmö I Love You 2023,Sour - Fruited,Sour ,Hyllie Bryggeri,5,,3.55
Mango White,Mead - Other,Mead ,Superstition Meadery,13.5,,4.39
Mango x Apricot x Almond Smoothie Sour Ale,Sour - Smoothie / Pastry,Sour ,?rpus Brewing Co.,5,,4.24
Mango x Cherry x Vanilla Smoothie Sour Ale,Sour - Smoothie / Pastry,Sour ,?rpus Brewing Co.,5,,4.3
Mango x Guava x Apricot x Vanilla Smoothie Sour Ale,Sour - Smoothie / Pastry,Sour ,?rpus Brewing Co.,5,,4.35
Mash Test Yummies Bourbon BA 2022,Stout - Imperial / Double Pastry,Stout ,To Øl,13.6,,4.2
Master of Hazies,IPA - Imperial / Double New England / Hazy,IPA ,Magnanimous Brewing,8.5,,4.23
Materialismo,IPA - Imperial / Double New England / Hazy,IPA ,WarPigs Brewpub,8,,3.77
Meander,Wild Ale - Other,Wild Ale,Nevel Wild Ales,6.1,,3.78
Meat Jelly,Stout - Imperial / Double,Stout ,WarPigs Brewpub,10.9,,4.09
Mega Fresh - PiMP Pineapple Mango Passionfruit,Sour - Smoothie / Pastry,Sour ,Juicy Brewing Co,6,,4.43
Mega Fruit - TBC Tripple Berry Choco,Sour - Smoothie / Pastry,Sour ,Juicy Brewing Co,6,,4.29
Mega Latte - ML - Mocha Latte,Stout - Imperial / Double Pastry,Stout ,Juicy Brewing Co,10,,4.01
Mega Mane,IPA - New England / Hazy,IPA ,DankHouse Brewing Company,7.4,,4.09
Megablend 04 blend series 20/16,Lambic - Gueuze,Lambic ,Symbiose Brewing / Blending,5.6,,4.12
Memory,Farmhouse Ale - Saison,Farmhouse ,Halfway Crooks Beer,12,,4.32
Memory & Perception,Stout - Imperial / Double Pastry,Stout ,Finback Brewery,7.1,,3.99
Memory Pils,Pilsner - Other,Pilsner ,CLAG Brewing Company,5.5,,3.81
Merci Michel!,Farmhouse Ale - Saison,Farmhouse ,DUST Blending,8.3,,4.01
Meteora,Barleywine - American,Barleywine ,Toppling Goliath Brewing Co.,11,,4.4
Methode Czech,Pilsner - Czech / Bohemian,Pilsner ,WarPigs Brewpub,5.2,,3.37
Micke's Lingon Trip (2022),Mead - Melomel,Mead ,Marlobobo,12,,4.27
Midnight Sea,Stout - Imperial / Double,Stout ,Toppling Goliath Brewing Co.,14.26,,4.28
Mijmer,Wild Ale - Other,Wild Ale,Nevel Wild Ales,5.2,,3.86
Mind on Fire,IPA - Triple New England / Hazy,IPA ,Spartacus Brewing,9.5,67,4.26
Minerva,Sour - Berliner Weisse,Sour ,Schneeeule,3.5,,3.78
Minne,Wild Ale - Other,Wild Ale,Nevel Wild Ales,5.9,,3.54
Minoh Kokusan Momo Weizen (?????????),Wheat Beer - Hefeweizen,Wheat Beer,A.J.I. Beer Inc.,5,,3.7
Minoh Oyamada Berries,Grape Ale - Italian,Grape ,A.J.I. Beer Inc.,5.5,,3.39
Minoh Pilsner,Pilsner - Other,Pilsner ,A.J.I. Beer Inc.,5,,3.46
Minoh Sansho W-IPA (??W-IPA),IPA - Imperial / Double,IPA ,A.J.I. Beer Inc.,9,78,3.54
Minoh x Ichiro's Malt Barrel Aged Imperial Stout,Stout - Imperial / Double,Stout ,A.J.I. Beer Inc.,9.5,55,3.85
Minoh Yuzu White (??????),Fruit Beer,Fruit ,A.J.I. Beer Inc.,5,12,3.66
Minutiae (2022),Stout - Imperial / Double,Stout ,Phase Three Brewing,13.5,,4.44
Mirabelge,Lambic - Fruit,Lambic ,Pellicle Vergistingen,6,,3.91
Missing You,Sour - Smoothie / Pastry,Sour ,Pulpit Rock Brewing Company,7,,4.23
Misspent Youth,Pale Ale - American,Pale ,Moonlight Brewing Company,5.6,,3.55
Misto,Wild Ale - Other,Wild Ale,Tommie Sjef,9,25,4.13
Mitch & Murray,Mild - Other,Mild ,Branch & Bone Artisan Ales,3.8,,3.61
Moctezuma Coffee Hazelnut,Stout - Imperial / Double,Stout ,Seven Island Brewery,10.3,,3.96
Moes,Wild Ale - Other,Wild Ale,Nevel Wild Ales,4.6,,3.69
Mojnerfucker,IPA - Triple,IPA ,Too Old To Die Young Brewing Co.,10,50,3.98
Moksa FIVE,Stout - Imperial / Double,Stout ,Moksa Brewing Co,13.4,,4.41
Mole,Stout - Other,Stout ,Brasserie de la Sambre,13.8,10,4.15
MOON,IPA - American,IPA ,Crooked Moon Brewing,6,,3.61
MOONLIGHT SLEEPING ON A MIDNIGHT LAKE,IPA - Imperial / Double New England / Hazy,IPA ,Pomona Island Brew Co.,8,,4.02
Moonwalk (2022),Lambic - Fruit,Lambic ,Bofkont,6,,4.29
Morello Myrcia Gale 2022,Mead - Other,Mead ,The Attic Meadery,13,,4.22
Morello Syrah 2022,Mead - Melomel,Mead ,The Attic Meadery,14,,4.03
Morello Wild Apple 2022,Mead - Melomel,Mead ,The Attic Meadery,14,,4.17
Morning Dream Walk,Stout - Imperial / Double,Stout ,Recycled Brewing Company,9.5,,3.76
Mortalis Bianca Hydra,Sour - Smoothie / Pastry,Sour ,Omnipollo,6,,4.37
Mosaic Starburst,IPA - Imperial / Double,IPA ,TapRoom Beer Company,8,,3.81
Moss,IPA - Imperial / Double,IPA ,Finback Brewery,8.5,70,4.07
Most Mellow,Stout - Imperial / Double,Stout ,Dugges Bryggeri,16.7,,4.25
Mostra 6th Anniversary Stout,Stout - Imperial / Double,Stout ,Toppling Goliath Brewing Co.,,,4.61
Mother Fluffer Jones,Stout - Imperial / Double Pastry,Stout ,3 Sons Brewing Co.,13.2,,4.38
Mr Nielsen's Cornucopia 2021,Mead - Cyser,Mead ,The Attic Meadery,14,,4.08
Mr. Paul,Porter - Other,Porter ,Schneeeule,5,,3.39
Mucha,Lager - Pale,Lager ,Creature Comforts Brewing Co.,5,,3.59
Multiple Ectogasms,IPA - New England / Hazy,IPA ,Drekker Brewing Company,7,65,4.19
Mumbo Jumbo #1: Passion Fruit,Sour - Fruited Gose,Sour ,ÅBEN,6,,3.88
Mumbo Jumbo #2: Black Currant,Sour - Fruited Gose,Sour ,ÅBEN,6,,3.78
Mumbo Jumbo #3 White Peach,Sour - Fruited Gose,Sour ,ÅBEN,6,,3.64
Mumbo Jumbo #4 Blackberry,Sour - Fruited Gose,Sour ,ÅBEN,6,,3.53
Münich Münich Lager,Lager - Munich Dunkel,Lager ,Ebeltoft Gårdbryggeri,5.2,,3.26
Murder (2022 Release),Stout - Imperial / Double,Stout ,Dois Corvos,12,,4.11
Murder In Carcavelos (2022 Release),Stout - Imperial / Double,Stout ,Dois Corvos,12,,4.01
Musik zur Entspannung,Wild Ale - Other,Wild Ale,Schneeeule,6.5,,3.77
Muskaat (2020),Lambic - Fruit,Lambic ,Bofkont,6,,4.15
Mustachio Pistachio,Stout - Imperial / Double Pastry,Stout ,Basqueland Brewing,12,70,3.96
Natur/Kultur,Cider - Dry,Cider ,Pomologik,7,,3.5
Near And Far Curious Club 2018,Farmhouse Ale - Saison,Farmhouse ,Sour Cellars,8.9,,3.91
Nectaronus Prime,IPA - New England / Hazy,IPA ,Moksa Brewing Co,7,,4
NEIPA DDH - Centennial / HBC 630 / Simcoe,IPA - New England / Hazy,IPA ,Popihn,7,,3.73
NEIPA DDH - Citra Cryo / Simcoe / ID 158,IPA - New England / Hazy,IPA ,Popihn,7,,3.79
NEIPA DDH - Cryo El Dorado / Mosaic / HBC 586,IPA - New England / Hazy,IPA ,Popihn,6.9,,3.84
Never Mind the Bitter,Bitter - Session / Ordinary,Bitter ,Hyllie Bryggeri,4.5,,3.39
Newtro,Hard Seltzer,Hard Seltzer,Untitled Art,5,,3.08
Niche Peach Connoisseur 5000,Sour - Fruited,Sour ,Sudden Death Brewing Co.,8,,4.31
Night of the Hop Creeps,IPA - American,IPA ,To Øl,6.5,,3.59
Nighthawk,Schwarzbier,Schwarzbier,Enegren Brewing Company,4.8,28,3.75
Nigredo,Schwarzbier,Schwarzbier,Birrificio Italiano,6.5,,3.66
Noa Pecan Mud Cake Chessboard Stout,Stout - Imperial / Double Pastry,Stout ,Omnipollo,11,,4.11
Noa Pecan Mud Cake Chessboard Stout,Stout - Imperial / Double Pastry,Stout ,Omnipollo,11,,4.11
Nocturnal,Stout - Imperial / Double Milk,Stout ,Ten Hands Brewing,11.5,60,3.84
Non-Alcoholic Italian Pilsner,Non-Alcoholic Beer - Lager,Non-Alcoholic ,Untitled Art,0.5,,3.56
North German Pils,Pilsner - German,Pilsner ,Ebeltoft Gårdbryggeri,5,,3.27
Northern Lights,Pale Ale - New England / Hazy,Pale ,Ten Hands Brewing,5.2,40,3.5
Northside Lager,Lager - American,Lager ,Ology Brewing Co,3.75,,3.38
Nyctophobia (Bourbon Barrel-Aged),Stout - Imperial / Double,Stout ,Hyllie Bryggeri,11,,3.92
Nyctophobia (Single Malt Barrel-Aged),Stout - Imperial / Double,Stout ,Hyllie Bryggeri,12,,3.96
Obsession,IPA - Imperial / Double New England / Hazy,IPA ,Basqueland Brewing,8,,4
Ode,Wild Ale - Other,Wild Ale,Nevel Wild Ales,6.1,,3.59
Oerbier,Belgian Strong Dark Ale,Belgian ,Brouwerij De Dolle Brouwers,9,,3.72
Off the Beaten Track,Bock - Doppelbock,Bock ,Buddelship Brauerei,7.5,,3.11
Offbeat Oils - Nutty Norwalien,Mead - Melomel,Mead ,Marlobobo,12,,4.25
O'HANRAHA-HANRAHAN,Sour - Fruited Gose,Sour ,Pomona Island Brew Co.,5.5,,3.98
OJ Run,IPA - Imperial / Double New England / Hazy,IPA ,Narrow Gauge Brewing Company,8.6,70,4.22
Omnichord Preset,IPA - New England / Hazy,IPA ,Neon Raptor Brewing Co.,6,,3.86
OMNIPOLLOSCOPE #2 SUPERSTITION STRAWBERRY BOURBON MEAD BARRELS,Barleywine - American,Barleywine,Omnipollo,15,,4.3
OMNIPOLLOSCOPE #2 SUPERSTITION STRAWBERRY BOURBON MEAD BARRELS,Barleywine - American,Barleywine,Omnipollo,15,,4.3
Once in a Blue Moon,IPA - Triple New England / Hazy,IPA ,Folkingebrew,10,,4.12
One For the Money,IPA - Imperial / Double New England / Hazy,IPA ,Hyllie Bryggeri,8,40,3.72
ONE MILLION DONG (Citra × Nelson Sauvin),IPA - American,IPA ,CLAG Brewing Company,7,,4.31
One of the Greats - Batch 4,Farmhouse Ale - Saison,Farmhouse ,Dekkera Brewing & Blending,5.25,18,3.95
One of the Greats: Achtung,Farmhouse Ale - Saison,Farmhouse ,Dekkera Brewing & Blending,5.25,,3.9
Öö X (Cellar Series),Porter - Imperial / Double Baltic,Porter ,Põhjala,13,30,4.25
Opppaque - MSM Motueka Strata Mosaic,IPA - Triple New England / Hazy,IPA ,Juicy Brewing Co,10,,4.1
Orange 2022,Wild Ale - Other,Wild Ale,Métaphore,6.6,,4.03
Orange Is My New Love,Farmhouse Ale - Other,Farmhouse ,Cervesa Espiga,7,,3.6
Orange Velvet IPA,IPA - Milkshake,IPA ,LERVIG,5.5,29,3.75
Oud Bruin,Sour - Flanders Oud Bruin,Sour ,Tommie Sjef,7.1,15,3.78
Õunaraks,Sour - Fruited,Sour ,Põhjala,4.2,10,3.49
Our Day Will Come,Stout - Irish Dry,Stout ,Branch & Bone Artisan Ales,4.2,,3.69
Our House,IPA - New England / Hazy,IPA ,Ten Hands Brewing,7,35,3.68
Outward Flux,Sour - Other,Sour ,Recycled Brewing Company,4.7,,3.79
Oven Baked,IPA - American,IPA ,ÅBEN,6,,3.61
Over the River,Barleywine - American,Barleywine ,Ruse Brewing,14.7,,4.22
Oyn Oy,Pilsner - Other,Pilsner ,OY Brewing,5.2,,3.35
Oyn Oy,Pilsner - Other,Pilsner ,OY Brewing,5.2,,3.35
P3 Czech-Style Dark Lager,Lager - Dark,Lager ,Phase Three Brewing,5.3,,3.87
P3 Pils,Lager - American,Lager ,Phase Three Brewing,4.7,,3.75
P3 Polish-Style Pilsner,Pilsner - Other,Pilsner ,Phase Three Brewing,5.5,,3.83
Pacifier,Pilsner - Czech / Bohemian,Pilsner ,To Øl CPH,4.7,40,3.44
Paradise Punch,IPA - Triple New England / Hazy,IPA ,Mikkeller Brewpub London,10,,4.02
Paramour,Sour - Fruited Gose,Sour ,Cervesa Espiga,4.5,5,3.9
Pasito A Pasito - Batch 3,Wild Ale - American,Wild Ale,Dekkera Brewing & Blending,5.7,,3.81
Pasito A Pasito: Albaricoque - Batch 2,Wild Ale - American,Wild Ale,Dekkera Brewing & Blending,6.1,18,3.98
Passionberry Cream Gluten Free Sour,Gluten-Free,Gluten-Free,Untitled Art,5.5,,4.15
Pastry Mistress,Mead - Other,Mead ,Superstition Meadery,14,,4.11
Peach Rust,Wild Ale - American,Wild Ale,Métaphore,5.5,,4.21
Perzik / Passie Fruit Series 20/08,Lambic - Fruit,Lambic ,Symbiose Brewing / Blending,5.6,,4.25
Phases of Darkness W/ Coconut,Stout - Imperial / Double,Stout ,Ruse Brewing,15,,4.23
Phases of Darkness W/ Vanilla,Stout - Imperial / Double,Stout ,Ruse Brewing,13.6,,4.41
Phoenix,Sour - Fruited,Sour ,Holy Goat Brewing,13.3,,4.42
Phoenix 2021,Barleywine - English,Barleywine ,Salikatt,6,,3.93
Pickle Rich,Sour - Fruited Berliner Weisse,Sour ,18th Street Brewery,5,,3.73
Pie In the Sky,Stout - Imperial / Double Pastry,Stout ,18th Street Brewery,10,,3.9
Pillory,Farmhouse Ale - Saison,Farmhouse ,Dekkera Brewing & Blending,7.7,24,3.68
Pillow Stacks,IPA - Imperial / Double New England / Hazy,IPA ,Outer Range Brewing Co.,7.6,,4.21
Pils,Pilsner - German,Pilsner ,Mahrs Bräu,5,45,3.32
Pils,Pilsner - German,Pilsner ,FrauGruber Brewing,4.9,,3.48
Pils,Pilsner - German,Pilsner ,Mahrs Bräu,4.8,,3.53
Pils / Spring Pils,Pilsner - Other,Pilsner ,Hyllie Bryggeri,4.9,,3.48
Pils Talus Taurus,Pilsner - German,Pilsner ,Buddelship Brauerei,5,,3.6
Pilsner,Pilsner - Other,Pilsner ,Flying Couch Brewing,4.5,,3.16
Pin Seeker Pilsner,Pilsner - German,Pilsner ,Humble Forager Brewery,4.2,,3.65
Pineapple Cherry Blackberry Smoothie Seltzer,Hard Seltzer,Hard Seltzer,Untitled Art,5,,4.18
Pineapple x Cherry x Strawberry Sour Ale,Sour - Fruited,Sour ,?rpus Brewing Co.,5,,4.18
Planifolia,Stout - Imperial / Double,Stout ,Phase Three Brewing,14.6,,4.45
Playitas Session IPA,IPA - Session,IPA ,Cervecería Transpeninsular,5,40,3.46
PLOP - Majik Milk,Hard Seltzer,Hard Seltzer,Drekker Brewing Company,6,,3.82
PLOP - Pain Killer,Hard Seltzer,Hard Seltzer,Drekker Brewing Company,6,,4.28
Pluche 2022,Lambic - Fruit,Lambic ,Bofkont,6,,4.23
Plum Barleywine (Cellar Series),Barleywine - English,Barleywine ,Põhjala,12,,3.94
Plumb Stoned,Sour - Other,Sour ,DankHouse Brewing Company,6.5,,4.12
Polock en Rouge,Grodziskie / Grätzer,Grodziskie ,Birrificio Italiano,4,,3.66
Poolside,Sour - Fruited,Sour ,Pulpit Rock Brewing Company,5.7,,4.41
Pop & Roll,IPA - New England / Hazy,IPA ,Vinohradský pivovar,5.2,20,3.55
Port Wine Barrel Aged Maple x Vanilla Imperial Stout,Stout - Imperial / Double Pastry,Stout ,?rpus Brewing Co.,12,,4.18
Premium Lager,Lager - American,Lager ,TapRoom Beer Company,4.6,20,3.34
Premium Lager,Lager - American,Lager ,TapRoom Beer Company,4.6,20,3.34
Pretty Pale For An Icelander,Pale Ale - New England / Hazy,Pale ,Crooked Moon Brewing,4.7,,3.51
Profligacy,Stout - Imperial / Double Pastry,Stout ,Lua Brewing,14.1,,4.53
Prost!,Pilsner - German,Pilsner ,Salikatt,4.7,,3.53
Proto 88,IPA - New England / Hazy,IPA ,Brewski,5.8,,3.53
Proto 91: Berliner Weisse W. Raspberry,Sour - Fruited Berliner Weisse,Sour ,Brewski,4,,3.75
Proto 92,Sour - Fruited Berliner Weisse,Sour ,Brewski,4,,4.05
Proto 93: Berliner Weisse W. Lychee And Passionfruit,Sour - Fruited Berliner Weisse,Sour ,Brewski,4,,3.81
Proto 94: Berliner Weisse W. Pineapple And Yuzu,Sour - Fruited Berliner Weisse,Sour ,Brewski,4,,3.91
Pruim Pit 21/07,Lambic - Fruit,Lambic ,Symbiose Brewing / Blending,6.5,,4.1
Pseudo Sue,Pale Ale - American,Pale ,Toppling Goliath Brewing Co.,5.8,45,4.12
Pure Joy,Stout - Imperial / Double,Stout ,Pulpit Rock Brewing Company,11.2,45,4.58
Pure Joy,Stout - Imperial / Double,Stout ,Pulpit Rock Brewing Company,11.2,45,4.58
Purple Lava 2023,Stout - Imperial / Double,Stout ,Funky Fluid,12,,3.57
Purple Macaron,Sour - Smoothie / Pastry,Sour ,Friends Company,4.7,,3.91
QDH Nelson x Citra Cryo x Nectaron x Mosaic Lupomax QIPA,IPA - Quadruple,IPA ,?rpus Brewing Co.,12,,4.15
QUASIMODO ON BELLS,Stout - Imperial / Double Pastry,Stout ,Pomona Island Brew Co.,11,,4.09
Quince,Sour - Fruited Berliner Weisse,Sour ,Schneeeule,3.5,,3.75
Qvevri,Wild Ale - Other,Wild Ale,Métaphore,5.2,,3.9
Rabarber Kardemom (2021),Lambic - Fruit,Lambic ,Bofkont,6,,4.08
Radian,Pilsner - German,Pilsner ,Halfway Crooks Beer,4.8,,3.88
Radiant Haze,IPA - American,IPA ,Toppling Goliath Brewing Co.,7,,3.96
Radical Empathy,Pilsner - German,Pilsner ,Resident Culture Brewing Co.,4.8,,3.76
Radix,Sour - Smoothie / Pastry,Sour ,Salikatt,8,,4.24
Rainbow Colored Glasses,Sour - Berliner Weisse,Sour ,Ology Brewing Co,6,,3.87
Raspberry Berliner,Sour - Fruited Berliner Weisse,Sour ,18th Street Brewery,5,,3.71
Raspoetin (2022),Lambic - Other,Lambic ,Bofkont,6,,4.02
Raw Power,IPA - Imperial / Double,IPA ,Ebeltoft Gårdbryggeri,8.5,65,3.85
RBG - Rye Barrel Gold,Old Ale,Old Ale,Forager Brewery,13.8,,4.32
Reality Czeck,Pilsner - Czech / Bohemian,Pilsner ,Moonlight Brewing Company,4.9,20,3.76
Reality Czeck,Pilsner - Czech / Bohemian,Pilsner ,Moonlight Brewing Company,4.9,20,3.76
Record Store,IPA - New England / Hazy,IPA ,FrauGruber Brewing,7.2,,3.78
Red Cat Mead (Bourbon Oak Aged) 2022,Mead - Other,Mead ,The Attic Meadery,13,,4.26
Reduced Mass,Mild - Other,Mild ,Ology Brewing Co,3.75,,3.41
Release the Hounds,IPA - New England / Hazy,IPA ,Mikkeller Brewpub London,6,,3.79
Return To Innocence,Lager - IPL (India Pale Lager),Lager ,Batch Craft Beer & Kolaches,5.8,,3.4
Riding For the Feeling,Pilsner - Italian,Pilsner ,Resident Culture Brewing Co.,5,,3.74
Rise And Shine,Stout - Imperial / Double,Stout ,Willibald Farm Brewery,8.5,,3.89
Rise of Orion,Stout - Imperial / Double,Stout ,To Øl CPH,10.2,40,3.67
Robusta By Rackhouse,Stout - Imperial / Double Coffee,Stout ,LERVIG,14,,4.33
Ron’s Not Bitter,Bitter - Session / Ordinary,Bitter ,Garden Path Fermentation,3.9,,3.58
Ronals Pils (Side Pull),Pilsner - Czech / Bohemian,Pilsner ,Pleasanti Street,5,,3.33
Ronals Pils (Side Pull),Pilsner - Czech / Bohemian,Pilsner ,Pleasanti Street,5,,3.33
Rosa,Belgian Tripel,Belgian ,RAWW Bier,9,,3.43
Rosa,Belgian Tripel,Belgian ,WarPigs Brewpub,8.5,,3.39
Rosemary Fields Forever,Sour - Fruited,Sour ,Pellicle Vergistingen,6,,3.97
Rotating Hop Pilsner: Elixir,Pilsner - German,Pilsner ,Enegren Brewing Company,4.8,,3.61
Roykoy,Rauchbier,Rauchbier,OY Brewing,8.7,70,3.3
RU=MC2,Lager - Helles,Lager ,Birra MC - 77,4.7,,
RUSSIAN IMPERIAL STOUT - Bourbon Barrel Aged Blend,Stout - Russian Imperial,Stout ,Popihn,12,,3.81
Rust,Wheat Beer - Wheat Wine,Wheat Beer,Lua Brewing,15.7,,4.2
Saaz,Wild Ale - Other,Wild Ale,Tommie Sjef,6.8,20,4.07
Saison De Coupage - Batch 2,Farmhouse Ale - Saison,Farmhouse ,Dekkera Brewing & Blending,5.6,,3.7
Saison Rougé D’amphore (Abouriou),Farmhouse Ale - Saison,Farmhouse ,Pleasanti Street,7,,3.37
Salted Rhubarb Vanilla Sour Cream Crumble,Sour - Fruited,Sour ,LERVIG,3.5,12,3.6
Salted Tangerine Peel Infused Lambic,Lambic - Traditional,Lambic ,Oud Beersel,6.8,,3.64
Sand,Cider - Dry,Cider ,Pomologik,5.5,,3.64
Sanguine,Pale Ale - Belgian,Pale ,Halfway Crooks Beer,4.8,,3.73
Saturnus,Pale Ale - New England / Hazy,Pale ,Põhjala,5,30,3.6
Sauvignon / Passie 21/18,Lambic - Other,Lambic ,Symbiose Brewing / Blending,7.5,,4.07
Scatter Signal (2022),Stout - Imperial / Double Pastry,Stout ,Bottle Logic Brewing,12,30,4.32
Scratch the Itch,Wild Ale - American,Wild Ale,Odd Breed Wild Ales,6,30,3.97
Scribley,Sour - Fruited,Sour ,Sour Cellars,6.4,,3.86
Seaman,Sour - Traditional Gose,Sour ,Vinohradský pivovar,3.9,7,3.66
Sebastian,Sour - Other,Sour ,Dugges Bryggeri,8,,3.76
Serial Delusion,Pale Ale - American,Pale ,Moonlight Brewing Company,5.8,,3.82
Severed,Stout - Imperial / Double,Stout ,Pleasanti Street,13.65,,4.11
Sewn To the Sky,IPA - New England / Hazy,IPA ,Branch & Bone Artisan Ales,7,,4.03
She Shot First,IPA - New England / Hazy,IPA ,Bottle Logic Brewing,6.4,65,3.97
Shivers 2022,Wild Ale - Other,Wild Ale,Crossover Blendery,7.1,,3.92
SHORT RIFF LOVER BOY,IPA - New England / Hazy,IPA ,Pomona Island Brew Co.,6.8,,3.95
Sidious,Farmhouse Ale - Other,Farmhouse ,Batch Craft Beer & Kolaches,4.6,,3.66
Silver Spoon,Stout - Coffee,Stout ,18th Street Brewery,8.6,,3.94
Simcoe Dry-Hopped Lambic,Lambic - Traditional,Lambic ,Oud Beersel,6.8,,3.8
Single Estate - Kieni,Stout - Coffee,Stout ,WarPigs Brewpub,5.1,,3.3
Singularity: Pomme D'Or,Cider - Other Fruit,Cider ,Pellicle Vergistingen,,,3.81
Skånsk Lager,Lager - Helles,Lager ,Hyllie Bryggeri,5.2,,3.3
Sky Kraken,Pale Ale - New England / Hazy,Pale ,Fremont Brewing,5.5,,3.81
Slang Du Jour - Raspberry Cheesecake,Sour - Smoothie / Pastry,Sour ,Drekker Brewing Company,6.3,,4.34
Slayz Gonna Be Haze,Pale Ale - New England / Hazy,Pale ,Cervecería Transpeninsular,6.1,26,3.56
Slayz the Haze,IPA - New England / Hazy,IPA ,Cervecería Transpeninsular,6.5,,3.8
Slightly Tightly,Sour - Other,Sour ,Sour Cellars,8.2,,4
Smoooth Ops Pina Colada,Hard Seltzer,Hard Seltzer,3 Sons Brewing Co.,6,,4.09
Smoothie Sequence MBCC Special #1 (Raspberry,Sour - Smoothie / Pastry,Sour ,Folkingebrew,6,,4.16
Smoothie Sequence MBCC Special #2 (Piña Colada),Sour - Smoothie / Pastry,Sour ,Folkingebrew,6,,4.01
S'Mortal Kombat,Stout - Imperial / Double,Stout ,3 Sons Brewing Co.,12.8,,4.52
Smuggler's Song,Gluten-Free,Gluten-Free,Mikerphone Brewing,6,,3.97
Smulsmurf 2022,Lambic - Fruit,Lambic ,Bofkont,6,,4.12
Sometime Around Midnight,IPA - Imperial / Double New England / Hazy,IPA ,Drekker Brewing Company,8,,4
Sorcerer's Lab: Black Oats,Stout - Oatmeal,Stout ,Amager Bryghus,5.2,27,3.29
Sorcerer's Lab: Cinderella,IPA - Session,IPA ,Amager Bryghus,4.5,6,3.52
Sorte Tanker,Stout - Imperial / Double,Stout ,Too Old To Die Young Brewing Co.,10.7,40,3.83
Soul Catcher,Porter - Imperial / Double Baltic,Porter ,TapRoom Beer Company,10.8,,3.58
Sour Punch,Sour - Fruited Berliner Weisse,Sour ,Carbon Brews,4.5,6,3.67
Soyouz Ecuador Edition,Stout - Russian Imperial,Stout ,Brasserie de la Sambre,12.5,90,3.94
Soyouz Nicaragua Edition,Stout - Russian Imperial,Stout ,Brasserie de la Sambre,13.1,,3.86
Space Jam (2023),Stout - Imperial / Double Pastry,Stout ,Bottle Logic Brewing,13.5,30,4.32
Space Turtle,Stout - Imperial / Double,Stout ,Magnanimous Brewing,13.5,,4.28
Spacetime,IPA - Imperial / Double,IPA ,Willibald Farm Brewery,8.3,,4.06
Spare,IPA - Cold,IPA ,18th Street Brewery,4.4,,3.42
Special Extra Export Stout,Stout - Foreign / Export,Stout ,Brouwerij De Dolle Brouwers,9,50,3.6
SPICY DARK CHOCO MOLÉ By Rackhouse,Stout - Imperial / Double Pastry,Stout ,LERVIG,14.5,,4.31
Spritz Seltzer,Hard Seltzer,Hard Seltzer,2085-HS,5,,3.38
sprøng,Wild Ale - Other,Wild Ale,Tommie Sjef,7.1,,4.15
Squirrely DIPA,IPA - Imperial / Double New England / Hazy,IPA ,Outer Range Brewing Co.,8,,4.16
Star Dust,Sour - Fruited,Sour ,Cervesa Espiga,8,,3.9
Stay,Sour - Fruited,Sour ,Lua Brewing,8.5,,4.17
Stay Hella Puffed: Grape Cherry,Sour - Fruited,Sour ,DankHouse Brewing Company,6.6,,4.27
Steezy DDH,IPA - New England / Hazy,IPA ,Outer Range Brewing Co.,7.2,,4.21
Stellar,Barleywine - English,Barleywine ,Pleasanti Street,14.7,,4.45
Stevnsberry Free Jazz (2022),Mead - Melomel,Mead ,Marlobobo,10,,4.48
Stiff Peaks,Sour - Smoothie / Pastry,Sour ,3 Sons Brewing Co.,5.6,,4.1
Stille Nacht (2022),Belgian Strong Golden Ale,Belgian ,Brouwerij De Dolle Brouwers,12,,3.99
Stille Nacht Reserva (2019),Belgian Strong Golden Ale,Belgian ,Brouwerij De Dolle Brouwers,12,,3.95
Stolen Bikes Ride Faster,Wild Ale - American,Wild Ale,Dekkera Brewing & Blending,6,21,3.92
Straw Berry White,Mead - Other,Mead ,Superstition Meadery,13.5,,4.56
Strummer’s Vienna Lager,Lager - Vienna,Lager ,Cervecería Transpeninsular,5,38,3.5
Succession,IPA - Triple,IPA ,Willibald Farm Brewery,10,,4.19
Summer '22,Lambic - Fruit,Lambic ,Bofkont,6,,4.35
Sun City,Sour - Fruited Berliner Weisse,Sour ,Põhjala,5,15,3.62
Sunset Punch,Sour - Fruited,Sour ,Moksa Brewing Co,14.3,,4.06
Super Clear,IPA - Imperial / Double,IPA ,CLAG Brewing Company,8.5,,4.09
Super Super Turbo Turbo,Lager - Japanese Rice,Lager ,Halfway Crooks Beer,5,,3.96
Supersonic - Down Under,IPA - Imperial / Double,IPA ,LERVIG,8.4,,4.14
Surf Zone,IPA - Brett,IPA ,Odd Breed Wild Ales,10.8,45,3.96
Svartsalt,Porter - Other,Porter ,OY Brewing,5.8,,3.48
SWAP #1 Marcobin,Stout - Imperial / Double,Stout ,Brewski,13,,4.09
SWAP #2 HannaHannaH,Stout - Imperial / Double,Stout ,Brewski,11.5,,4.05
Sweet Osmanthus Infused Lambic,Lambic - Other,Lambic ,Oud Beersel,6.8,,3.73
Sycamore,Pilsner - German,Pilsner ,ÅBEN,4.8,,3.37
Symphony One,Wild Ale - Other,Wild Ale,Métaphore,5.5,,3.93
Syreregn,IPA - American,IPA ,Flying Couch Brewing,6.5,,3.51
Tahitian Vanilla Elder Beast,Stout - Imperial / Double Pastry,Stout ,Branch & Bone Artisan Ales,14,,4.05
Tannin,Grape Ale - Other,Grape ,Pellicle Vergistingen,7,,4.15
Techno Tomboy,IPA - New England / Hazy,IPA ,Outer Range Brewing Co.,7.2,,4.1
Tefnut Blueberry Maple Pancake,Sour - Smoothie / Pastry,Sour ,Omnipollo,10,,4.1
Ten Degrees Pivo,Pilsner - Czech / Bohemian,Pilsner ,WarPigs Brewpub,4,,3.35
Texas Surprise 2022,Wild Ale - Other,Wild Ale,Crossover Blendery,6.1,,3.86
Thank This Guy,Pale Ale - New England / Hazy,Pale ,Crooked Moon Brewing,5,,3.42
The Day Japanese Citrus Lager,Fruit Beer,Fruit ,Baeren Brauerei,5,,3.3
The Day Japanese Citrus Lager,Fruit Beer,Fruit ,Baeren Brauerei,5,,3.3
The Day Trad Gold Pilsner,Pilsner - Czech / Bohemian,Pilsner ,Baeren Brauerei,4.8,,3.39
The Easygoing Drink #8,Farmhouse Ale - Grisette,Farmhouse ,Garden Path Fermentation,3.7,,3.53
The Eye of Jupiter,IPA - American,IPA ,Finback Brewery,7.5,,4.2
The Fruitful Barrel Blueberrries & Fir Tips,Wild Ale - American,Wild Ale,Garden Path Fermentation,6.5,,3.94
The Garden Paths Led To Flowered 7th Edition,Farmhouse Ale - Saison,Farmhouse ,Garden Path Fermentation,7.1,,3.75
The Great Locomotive Chase,Rye Wine,Rye ,Amager Bryghus,11,,3.67
The Great Reset,IPA - Imperial / Double,IPA ,Stepping Stone Brewing Company,8.2,17,3.93
The Keep Volume II,Barleywine - English,Barleywine ,Magnanimous Brewing,12.5,,4.17
The Kids Are Not Alright,IPA - Triple New England / Hazy,IPA ,Resident Culture Brewing Co.,9.5,,4.14
The Kitchen Sink,Stout - Imperial / Double,Stout ,3 Sons Brewing Co.,12,,4.31
The Last Four Winters In Wisconsin (2019),Lambic - Gueuze,Lambic ,Funk Factory Geuzeria,5.5,,4.24
The Last Four Winters In Wisconsin (2020),Lambic - Gueuze,Lambic ,Funk Factory Geuzeria,5.5,,4.1
The Lightest One,Lager - Helles,Lager ,Enegren Brewing Company,4.8,21,3.69
The Local Harvest Cider Apples,Cider - Dry,Cider ,Garden Path Fermentation,6.9,,3.62
The Local Harvest Cider Apples & Hops,Cider - Herbed / Spiced / Hopped,Cider ,Garden Path Fermentation,6.9,,3.67
The Local Harvest: Ashmead's Kernel,Cider - Dry,Cider ,Garden Path Fermentation,6.7,,3.39
The Long Forever,Stout - Imperial / Double Pastry,Stout ,Ruse Brewing,12,,4.24
The New IPA,IPA - New England / Hazy,IPA ,Cervesa Espiga,6,60,3.94
The Old Man the Boat,Wild Ale - American,Wild Ale,Garden Path Fermentation,6,,3.83
The Pershores - Yellow,Wild Ale - Other,Wild Ale,Crossover Blendery,6.3,,3.86
The Quadfather (aged In American Oak & Applewood Stave Rye Whiskey Barrels),Belgian Quadrupel,Belgian ,Voodoo Brewing Co.,11.4,,4.22
The Quantic State,IPA - Imperial / Double New England / Hazy,IPA ,Spartacus Brewing,8.4,42,4.15
The Rusty Nail (2022),Stout - Imperial / Double Oatmeal,Stout ,Fremont Brewing,13.6,40,4.44
The Stars Are Projectors,Sour - Fruited,Sour ,Lua Brewing,6.1,,4.06
The Stoner,Farmhouse Ale - Saison,Farmhouse ,DUST Blending,6.3,,4.05
The Void Within the Cloak,Stout - Imperial / Double Pastry,Stout ,Moksa Brewing Co,12,,4.23
There Is A Cocky Goat Outside,Bock - Hell / Maibock / Lentebock,Bock ,Sudden Death Brewing Co.,6.7,,3.69
Thor,IPA - New England / Hazy,IPA ,Batch Craft Beer & Kolaches,7,,3.73
Thor Is My Co-Pilot,IPA - Imperial / Double New England / Hazy,IPA ,Drekker Brewing Company,8,70,4.17
Thorn Matrix,Wild Ale - American,Wild Ale,Buddelship Brauerei,6.5,,3.57
Three Chords And A Truth,Stout - Imperial / Double,Stout ,Mikerphone Brewing,13.9,,4.28
Thrice,IPA - Triple,IPA ,Crooked Moon Brewing,11,,3.54
Tickle Torture: Methode Push Pop,Sour - Smoothie / Pastry,Sour ,Forager Brewery,8,,4.17
Tierra Clara Blonde Ale,Blonde Ale,Blonde Ale,Cervecería Transpeninsular,4.1,15,3.4
Time Eater,IPA - Triple New England / Hazy,IPA ,Lua Brewing,10.5,,4.22
Tiny Bites,IPA - New England / Hazy,IPA ,Drekker Brewing Company,5,,3.84
Tipopils,Pilsner - Italian,Pilsner ,Birrificio Italiano,5.2,25,3.57
Tiramisù by Rackhouse,Stout - Imperial / Double,Stout ,LERVIG,13.2,,4.38
Tongue In Cheek,Stout - Imperial / Double Pastry,Stout ,Dois Corvos,10,,3.92
Toska Bryggj,Scottish Ale,Scottish ,OY Brewing,5.8,,3.04
Transcending Memories,Rauchbier,Rauchbier,WarPigs Brewpub,5.2,,3.2
Triple Gelato: Berries & Cream,Sour - Smoothie / Pastry,Sour ,Funky Fluid,10,,4.22
Triple Gelato: Bianco,Sour - Smoothie / Pastry,Sour ,Funky Fluid,9,,4.14
Triple Gelato: Viola,Sour - Smoothie / Pastry,Sour ,Funky Fluid,9,,4.13
Triple the Courage,IPA - Triple New England / Hazy,IPA ,Folkingebrew,10,,4.12
Tropical Punch,Sour - Fruited,Sour ,Ten Hands Brewing,6,,3.5
Tropicália,IPA - American,IPA ,Creature Comforts Brewing Co.,6.6,65,4.05
Turn Up the Juice,Sour - Fruited Berliner Weisse,Sour ,18th Street Brewery,5,,3.58
Tutty Frutty II,Farmhouse Ale - Saison,Farmhouse ,DUST Blending,6.5,,3.92
Twilight,IPA - Triple,IPA ,Willibald Farm Brewery,10.2,,4.19
Tycoons of Taste,IPA - Imperial / Double,IPA ,Moksa Brewing Co,9,,3.89
Umbra 2022,Mead - Melomel,Mead ,The Attic Meadery,13,,4.19
Un4gettable,Barleywine - American,Barleywine ,Carbon Brews,12.6,90,3.51
Unknown Passage,Wild Ale - Other,Wild Ale,Branch & Bone Artisan Ales,5,,3.91
Unlock Citra,IPA - Triple,IPA ,Birra MC - 77,10,,3.81
Unlock Tettnang Tettnanger,Kellerbier / Zwickelbier,Kellerbier ,Birra MC - 77,4.9,,
Upsy Daisy,Stout - Pastry,Stout ,ÅBEN,12,,3.95
V (Five),Stout - Imperial / Double,Stout ,Spartacus Brewing,15,,4.57
Vampyre Disco,Sour - Smoothie / Pastry,Sour ,Neon Raptor Brewing Co.,10,,4.18
Velvet Cobweb (2021),Mead - Melomel,Mead ,Marlobobo,13.5,,4.41
Velvet Suit,IPA - New England / Hazy,IPA ,Birra MC - 77,6.5,,3.92
VENN,Stout - Imperial / Double Pastry,Stout ,Pulpit Rock Brewing Company,11.1,,4.5
VENN,Stout - Imperial / Double Pastry,Stout ,Pulpit Rock Brewing Company,11.1,,4.5
VHS Marathon,IPA - Imperial / Double New England / Hazy,IPA ,Too Old To Die Young Brewing Co.,8.5,40,4.05
VHS Never Dies,IPA - Imperial / Double New England / Hazy,IPA ,Too Old To Die Young Brewing Co.,8,35,3.77
Vinohradská 11,Pilsner - Czech / Bohemian,Pilsner ,Vinohradský pivovar,4.5,,3.54
Vinohradská 12,Pilsner - Czech / Bohemian,Pilsner ,Vinohradský pivovar,4.8,,3.57
Vintage Nectar 2023,Stout - Imperial / Double,Stout ,3 Sons Brewing Co.,,,4.17
Violet Perception,Sour - Fruited Berliner Weisse,Sour ,Branch & Bone Artisan Ales,4.6,,3.84
Violetta,IPA - New England / Hazy,IPA ,Ten Hands Brewing,6.3,40,3.71
Virmalised,IPA - American,IPA ,Põhjala,6.5,50,3.68
Voodoo Love Child,Belgian Tripel,Belgian ,Voodoo Brewing Co.,9.5,25,3.72
Voodoo Priest,Stout - Imperial / Double,Stout ,FrauGruber Brewing,13.8,,4.21
Vorrei Un Aperitivo,Wild Ale - Other,Wild Ale,Métaphore,4.6,,3.97
Walled Gardens (2022),Sour - Fruited,Sour ,Crossover Blendery,5.8,,3.75
Walnotenlambiek,Lambic - Fruit,Lambic ,Oud Beersel,7.5,,3.51
Watch 'Em All Flock,Stout - Imperial / Double Pastry,Stout ,Moksa Brewing Co,13.4,,4.57
WE WERE SO IN PHASE,IPA - American,IPA ,Pomona Island Brew Co.,6.8,,3.69
What's In Your Head?,Sour - Fruited,Sour ,Mikerphone Brewing,5,,4.13
Where Evil Grows BA,Stout - Imperial / Double,Stout ,Crooked Moon Brewing,11,,4.14
Wild Dry Cider - Aged On Lambic Whisky Barrels,Cider - Dry,Cider ,Oud Beersel,7.5,,3.66
Wild Dry Cider - Blended With Lambic,Cider - Dry,Cider ,Oud Beersel,7.5,,3.64
Wild Dry Cider With Birch Leaves,Cider - Dry,Cider ,Saules Cidery,6.5,,3.53
Wild Dry Cider With Blackcurrants,Cider - Dry,Cider ,Saules Cidery,6.5,,3.42
Wild Dry Cider With Hibiscus,Cider - Dry,Cider ,Saules Cidery,6.5,,3.52
Wild Dry Cider With Honey,Cider - Dry,Cider ,Saules Cidery,6.5,,3.49
Wild Dry Cider With Lithuanian Grapes,Cider - Dry,Cider ,Saules Cidery,6.5,,3.5
Wild Dry Cider With Lithuanian Hops,Cider - Dry,Cider ,Saules Cidery,6.5,,3.53
Wild Dry Cider With Quince,Cider - Dry,Cider ,Saules Cidery,6.5,,3.39
Wild Lion: Methode Push Pop,Sour - Smoothie / Pastry,Sour ,Forager Brewery,6,,4.4
Wildflower IPA,IPA - New England / Hazy,IPA ,Ebeltoft Gårdbryggeri,5.9,,3.73
Willibald Export,Lager - Dortmunder / Export,Lager ,Willibald Farm Brewery,6.5,,3.75
Winkle Nectar,Stout - Imperial / Double Pastry,Stout ,3 Sons Brewing Co.,14.8,,4.61
Winter Wine,Barleywine - Other,Barleywine ,Stigbergets Bryggeri,10,,3.8
Wizard of Ozzie,IPA - Imperial / Double New England / Hazy,IPA ,Dois Corvos,7.5,,3.86
Wolf & Otter,Barleywine - English,Barleywine ,Forager Brewery,11,,4.48
Wolf Inside,IPA - Triple New England / Hazy,IPA ,Spartacus Brewing,9.5,70,4.27
Wonder Wall,Sour - Fruited Berliner Weisse,Sour ,Ology Brewing Co,6,,3.84
World's Best,Stout - Imperial / Double Pastry,Stout ,Amager Bryghus,11,20,3.8
WüühüüW,Farmhouse Ale - Saison,Farmhouse ,DUST Blending,8.8,,4.17
Wynona's Big Brown Ale,Brown Ale - American,Brown Ale,Voodoo Brewing Co.,7.5,31,3.69
Yardnarb,Sour - Berliner Weisse,Sour ,Sour Cellars,6,,3.84
YEAR OF THE HAZE CRAZE,Pilsner - Czech / Bohemian,Pilsner ,Flying Couch Brewing,4.8,19,
YEAR OF THE LAGER,IPA - New England / Hazy,IPA ,Flying Couch Brewing,6.66,13,3.93
?photic (aged In Buffalo Trace Bourbon Barrels Batch 2),Stout - Imperial / Double,Stout ,Voodoo Brewing Co.,12.3,,4.16
